<?xml version="1.0" encoding="UTF-8"?>
<project-private xmlns="http://www.netbeans.org/ns/project-private/1">
    <editor-bookmarks xmlns="http://www.netbeans.org/ns/editor-bookmarks/2" lastBookmarkId="0"/>
    <open-files xmlns="http://www.netbeans.org/ns/projectui-open-files/2">
        <group>
            <file>file:/C:/xampp/htdocs/pmdb/ch22/simple-store/place-order.php</file>
            <file>file:/C:/xampp/htdocs/pmdb/ch22/simple-store/cart.php</file>
            <file>file:/C:/xampp/htdocs/pmdb/ch22/simple-store/product-detail.php</file>
            <file>file:/C:/xampp/htdocs/pmdb/ch22/simple-store/index.php</file>
            <file>file:/C:/xampp/htdocs/pmdb/ch22/simple-store/member-order-detail.php</file>
            <file>file:/C:/xampp/htdocs/pmdb/ch22/simple-store/member-order-list.php</file>
            <file>file:/C:/xampp/htdocs/pmdb/ch22/simple-store/admin-order-list.php</file>
            <file>file:/C:/xampp/htdocs/pmdb/ch22/simple-store/admin-signout.php</file>
            <file>file:/C:/xampp/htdocs/pmdb/ch22/simple-store/ajax-add-cart.php</file>
            <file>file:/C:/xampp/htdocs/pmdb/ch22/simple-store/search.php</file>
            <file>file:/C:/xampp/htdocs/pmdb/ch22/simple-store/checkout.php</file>
            <file>file:/C:/xampp/htdocs/pmdb/ch22/simple-store/admin-signin.php</file>
            <file>file:/C:/xampp/htdocs/pmdb/ch22/simple-store/admin-add-product.php</file>
            <file>file:/C:/xampp/htdocs/pmdb/ch22/simple-store/head.php</file>
            <file>file:/C:/xampp/htdocs/pmdb/ch22/simple-store/recently-viewed.php</file>
            <file>file:/C:/xampp/htdocs/pmdb/ch22/simple-store/ajax-update-cart.php</file>
            <file>file:/C:/xampp/htdocs/pmdb/ch22/simple-store/member-signin.php</file>
            <file>file:/C:/xampp/htdocs/pmdb/ch22/simple-store/footer.php</file>
            <file>file:/C:/xampp/htdocs/pmdb/ch22/simple-store/member-signup.php</file>
            <file>file:/C:/xampp/htdocs/pmdb/ch22/simple-store/member-signout.php</file>
            <file>file:/C:/xampp/htdocs/pmdb/ch22/simple-store/navbar.php</file>
            <file>file:/C:/xampp/htdocs/pmdb/ch22/simple-store/admin-order-detail.php</file>
        </group>
    </open-files>
</project-private>
